{"stats":{"minecraft:used":{"minecraft:orange_stained_glass":134,"minecraft:repeater":99,"minecraft:white_concrete":1,"minecraft:redstone":1947,"minecraft:firework_rocket":331,"minecraft:comparator":32,"minecraft:soul_sand":1,"minecraft:water_bucket":6,"minecraft:glass":3,"minecraft:redstone_torch":414,"minecraft:orange_wool":2294,"minecraft:lime_wool":5,"minecraft:ender_pearl":6,"minecraft:yellow_wool":85},"minecraft:picked_up":{"minecraft:redstone_torch":1,"minecraft:redstone":1},"minecraft:dropped":{"minecraft:soul_sand":1},"minecraft:custom":{"minecraft:time_since_rest":9162951,"minecraft:walk_one_cm":40308,"minecraft:leave_game":9,"minecraft:walk_under_water_one_cm":1533,"minecraft:play_time":9162951,"minecraft:jump":270,"minecraft:time_since_death":9162951,"minecraft:aviate_one_cm":837090,"minecraft:drop":1,"minecraft:sprint_one_cm":8759,"minecraft:total_world_time":12084455,"minecraft:fly_one_cm":14438057,"minecraft:walk_on_water_one_cm":8,"minecraft:crouch_one_cm":1070,"minecraft:sneak_time":370870}},"DataVersion":4435}