{"stats":{"minecraft:custom":{"minecraft:time_since_rest":8761328,"minecraft:walk_one_cm":40216,"minecraft:leave_game":8,"minecraft:walk_under_water_one_cm":1533,"minecraft:play_time":8761328,"minecraft:jump":268,"minecraft:time_since_death":8761328,"minecraft:aviate_one_cm":833179,"minecraft:drop":1,"minecraft:sprint_one_cm":8759,"minecraft:total_world_time":11642552,"minecraft:fly_one_cm":13410207,"minecraft:walk_on_water_one_cm":8,"minecraft:crouch_one_cm":1070,"minecraft:sneak_time":343600},"minecraft:picked_up":{"minecraft:redstone":1},"minecraft:used":{"minecraft:orange_stained_glass":134,"minecraft:repeater":99,"minecraft:white_concrete":1,"minecraft:redstone":1947,"minecraft:firework_rocket":331,"minecraft:comparator":32,"minecraft:soul_sand":1,"minecraft:water_bucket":6,"minecraft:glass":3,"minecraft:redstone_torch":408,"minecraft:orange_wool":2292,"minecraft:lime_wool":5,"minecraft:ender_pearl":6,"minecraft:yellow_wool":85},"minecraft:dropped":{"minecraft:soul_sand":1}},"DataVersion":4435}