{"stats":{"minecraft:used":{"minecraft:comparator":32,"minecraft:orange_stained_glass":134,"minecraft:repeater":99,"minecraft:redstone_torch":386,"minecraft:glass":3,"minecraft:redstone":1947,"minecraft:orange_wool":2280,"minecraft:lime_wool":5,"minecraft:firework_rocket":306},"minecraft:picked_up":{"minecraft:redstone":1},"minecraft:custom":{"minecraft:sprint_one_cm":3488,"minecraft:time_since_rest":3408100,"minecraft:walk_one_cm":35698,"minecraft:total_world_time":3775285,"minecraft:leave_game":7,"minecraft:fly_one_cm":4689366,"minecraft:crouch_one_cm":698,"minecraft:sneak_time":102962,"minecraft:play_time":3408100,"minecraft:jump":185,"minecraft:time_since_death":3408100,"minecraft:aviate_one_cm":600551}},"DataVersion":4435}